iter,rel_res
0,1.0
1,0.00178090757219356
2,1.9501805209499523e-08
3,8.147575297698257e-09
