iter,rel_res
0,1.0
1,0.0018661996295173946
2,9.330760532126385e-05
3,4.664151481278661e-06
4,2.3157488451652065e-07
5,1.2512192888866543e-08
6,2.1959147890476204e-09
