iter,rel_res
0,1.0
1,0.0025404431045863134
2,0.0001267759162653808
3,6.204416666223224e-06
4,3.035867039456906e-07
5,1.5651833212335526e-08
6,1.6137489465759144e-09
