iter,rel_res
0,1.0
1,0.0012850642414362027
2,2.7874815007561606e-08
3,1.0864934233980234e-08
4,8.583533087216371e-10
