iter,rel_res
0,1.0
1,0.0008743339653064181
2,4.371909114303048e-05
3,2.1850094241400808e-06
4,1.0989417801982796e-07
5,5.0969048300711655e-09
