iter,rel_res
0,1.0
1,0.0009182304208149381
2,4.2469365792490665e-08
3,1.709751040696361e-08
4,1.216522265446315e-09
