iter,rel_res
0,1.0
1,0.00134662173252736
2,6.732726870099317e-05
3,3.3643032687670766e-06
4,1.6658303984991285e-07
5,9.014565811566912e-09
