iter,rel_res
0,1.0
1,0.0006840513329498036
2,3.4170627277365684e-05
3,1.693469724854235e-06
4,8.325865736183783e-08
5,4.698878042335477e-09
