iter,rel_res
0,1.0
1,0.0012850637367734215
2,2.000192342529523e-09
