iter,rel_res
0,1.0
1,0.0006527856423783877
2,1.651778083202648e-06
3,2.8018570103566794e-08
4,2.3185022255482136e-09
