iter,rel_res
0,1.0
1,0.0024243811432240092
2,6.647210301887074e-09
