iter,rel_res
0,1.0
1,0.0032030091306170148
2,1.4376032222630647e-07
3,7.106827636155418e-08
4,8.032650388589294e-10
