iter,rel_res
0,1.0
1,0.003203008891258173
2,4.836927921118312e-07
3,2.3032278361641875e-07
4,5.736912433437212e-09
