iter,rel_res
0,1.0
1,0.0024243811432240092
2,2.7198466732594603e-07
3,1.3388259390700504e-07
4,2.4173011032647283e-09
