iter,rel_res
0,1.0
1,0.0032030091306170148
2,1.7427253704082485e-09
