iter,rel_res
0,1.0
1,0.000652747601718978
2,1.5929377644194528e-08
3,6.454752570216346e-09
