iter,rel_res
0,1.0
1,0.0012850637367734215
2,1.8058932985927383e-08
3,7.95611499209527e-09
