N,Iters,CPU(s),Error,InitialRelRes,FinalRelRes,ResidualFile
64,200,0.4949800968170166,0.04387060864253309,1.0,0.0012353341942128503,residuals_inexact_uzawa_N64.csv
128,200,1.5259184837341309,0.024787346540397413,1.0,0.000889757741640114,residuals_inexact_uzawa_N128.csv
