iter,rel_res
0,1.0
1,0.002540443568470462
2,0.0001264983063287679
3,6.047126537496853e-06
4,2.894292572327744e-07
5,1.5521789554422098e-08
6,2.4216345540671547e-09
