iter,rel_res
0,1.0
1,0.0016958003555371671
2,8.507181416824813e-05
3,4.120672164617144e-06
4,1.993689055715522e-07
5,9.457864180000261e-09
