iter,rel_res
0,1.0
1,0.0012850637367734215
2,4.121014979360047e-07
3,1.973240978778497e-07
4,6.432790021491133e-09
