iter,rel_res
0,1.0
1,0.0006215417292731213
2,3.107813147106784e-05
3,1.553200754762145e-06
4,7.820365300301143e-08
5,3.606052238404667e-09
