iter,rel_res
0,1.0
1,0.0009622202231360617
2,4.8100909201688665e-05
3,2.399447724319883e-06
4,1.1844208423230015e-07
5,6.472498828733858e-09
