iter,rel_res
0,1.0
1,0.0033562208584827077
2,0.00016768006591388432
3,8.31236715373491e-06
4,4.120530968974927e-07
5,2.119923766248829e-08
6,1.796785433117012e-09
