iter,rel_res
0,1.0
1,0.0030501374607172444
2,0.00015261949135029769
3,7.577675486366114e-06
4,3.762187542974192e-07
5,1.822090176507683e-08
6,1.3456270497799035e-09
