iter,rel_res
0,1.0
1,0.002308572583996836
2,0.00011588132565048146
3,5.584913443866121e-06
4,2.691200155746403e-07
5,1.2631788822572688e-08
6,1.653564999682044e-09
