iter,rel_res
0,1.0
1,0.0009182294116468978
2,1.8354442926725316e-08
3,7.794322046354391e-09
