iter,rel_res
0,1.0
1,0.00305013722695106
2,0.00015278242982470593
3,7.510830563212741e-06
4,3.6923740400462554e-07
5,1.739854740526378e-08
6,1.988590076175067e-09
