iter,rel_res
0,1.0
1,0.002424381596198963
2,7.732070824722779e-07
3,3.5677759452701157e-07
4,5.37679555827287e-09
