iter,rel_res
0,1.0
1,0.0006840204581003874
2,3.419973030048451e-05
3,1.709041121268406e-06
4,8.4738591431645e-08
5,4.3197502770273595e-09
