iter,rel_res
0,1.0
1,0.0009622191904847582
2,4.810823553139921e-05
3,2.4041414226438523e-06
4,1.1934445267812779e-07
5,6.098767586403264e-09
