iter,rel_res
0,1.0
1,0.0009182294116468978
2,2.781295472580231e-09
