iter,rel_res
0,1.0
1,0.0016957996980756964
2,8.479204460581811e-05
3,4.238687216206508e-06
4,2.1325508444513845e-07
5,9.785325004886337e-09
