iter,rel_res
0,1.0
1,0.0017809082450217781
2,1.412237834189933e-08
3,6.147489870351849e-09
