iter,rel_res
0,1.0
1,0.0013466212162092693
2,6.698177881732452e-05
3,3.1606297322609214e-06
4,1.4906867015606925e-07
5,7.636434364446665e-09
