iter,rel_res
0,1.0
1,0.0006215874525093321
2,3.1179599771072794e-05
3,1.5464567848321454e-06
4,7.771564327084448e-08
5,3.788460406345361e-09
