iter,rel_res
0,1.0
1,0.0012236390633125884
2,6.118525478814022e-05
3,3.0577159832389074e-06
4,1.5415710805331216e-07
5,7.052375784686207e-09
