iter,rel_res
0,1.0
1,0.0008743349510338999
2,4.37254490118448e-05
3,2.182064478317143e-06
4,1.1003994663203635e-07
5,5.109003512723782e-09
