iter,rel_res
0,1.0
1,0.002308572141936162
2,0.00011564046287189196
3,5.681917095626755e-06
4,2.7908620318690013e-07
5,1.3370023832742318e-08
6,1.1499732241460846e-09
