iter,rel_res
0,1.0
1,0.000652747601718978
2,4.964270310533404e-09
