iter,rel_res
0,1.0
1,0.0018662003177563372
2,9.298268392922913e-05
3,4.470999910357814e-06
4,2.1487726686158872e-07
5,1.1044555320662114e-08
6,1.3192540258383877e-09
