iter,rel_res
0,1.0
1,0.0017809082450217781
2,3.679825881764027e-07
3,1.7979230842972804e-07
4,4.575777731140919e-09
