N,Iters,CPU Time(s),Error e_N,InitialRelRes,FinalRelRes,ResidualFile
64,2,0.032605886459350586,0.0014950792456730586,1.0,2.4331070075326685e-09,residuals_uzawa_N64.csv
128,2,0.8295998573303223,0.00037362910289683336,1.0,2.241891429606463e-09,residuals_uzawa_N128.csv
256,2,4.833107233047485,9.33984854872762e-05,1.0,2.0375746760126914e-09,residuals_uzawa_N256.csv
512,2,29.587085962295532,2.3349072038708277e-05,1.0,2.2827984063475995e-09,residuals_uzawa_N512.csv
