iter,rel_res
0,1.0
1,0.0012236385702781712
2,6.148313939776421e-05
3,2.933130852648696e-06
4,1.395757009810013e-07
5,6.558576760056996e-09
