iter,rel_res
0,1.0
1,0.003356220613523636
2,0.0001674911287523231
3,8.202852372201635e-06
4,4.018383236799605e-07
5,2.1543517012311077e-08
6,2.890269258997157e-09
